path,category,ext,size,sha256
animal.png,graphics,.png,2018,475edb5059021169172020adc6455c6f88ea191f4f847517e4e5a4422115bb19
aruma.png,graphics,.png,1158,877782fe848a7cec3ef0d0e4316b455cbb1a5dd40104faa2975a60278df84755
awa.png,graphics,.png,312,c1f8c145d1f753d9ad8dc9eaf549bd489fa6925cc2c2faff944932e5cec47bda
bakuhatu.png,graphics,.png,1857,d75fd259572cf866e7f687623d65883dca835b09fec1491a98942ece3910218a
bat.png,graphics,.png,796,9d0d7929eb9a61227b07822bc7278acd85ce06a1ba67e563798e1a6c62a2a525
beltc.png,graphics,.png,377,d04fc4a60481f3575b3a359edd2394557d13ee74bdd3ec9fd2ca9e6042709144
beltcon.png,graphics,.png,5684,9bf62ffccaf137416d107ffc05c0124b25b98f6541c251d8c5a0700fe96a6975
ben.png,graphics,.png,356,e84dcde103618e9e9ea5c8f3e9733929a9fd0b966be79201ce494a60ac39fa84
bgm/81_1.mmf,audio,.mmf,2466,abc493bc960b235e799f5b0d34ba2911f2dcb34d4862470a922e43e839102bd5
bgm/81_2.mmf,audio,.mmf,6115,bf69861fde64d80a159e114679f6b79d7ad37609dd51e6abfe0a1b5f0eb1d2d6
bgm/82_1.mmf,audio,.mmf,808,131046e815de304af5b0b40046b0891e9d0685b69a6dcdc73763ad2e1e991d66
bgm/82_2.mmf,audio,.mmf,6357,6a7ff63b203682f5b718f7858ad344ad36d77f01d385537970a7e820f12c7a54
bgm/83_1.mmf,audio,.mmf,980,d03f371388ccbbf5300784305db680d34d7b816e5c61428cf2eb04a28d9ba7a8
bgm/83_2.mmf,audio,.mmf,5131,079b539291a110ba8239853fa581c4da1fe9b82ef213c8e3febded737059a71d
bgm/84_1.mmf,audio,.mmf,474,ebaf39baae19b6067301975bb546675e0e9c34a2b8a89d993a4ea364c0517290
bgm/84_2.mmf,audio,.mmf,6684,107dc543ef5756b8bea2343fb4232dea195ee23ba35fd0661a9d1aa3b8860b44
bgm/85_1.mmf,audio,.mmf,2732,1185539b175ee2da7fcec86f93bb87e8fd165ba69e9e4b35af8f1482e5c76278
bgm/85_2.mmf,audio,.mmf,6890,a2d433545f3281715a1f24526bcbe876923df0a444ec2b2ef0d17d303b8275a7
bgm/86.mmf,audio,.mmf,15943,264cedc3dd42d4bf2c75fd28fb03a6f1c432d1514b2b8d034ce36a904247271c
bgm/87.mmf,audio,.mmf,2351,94ec82373306224e1befe813f1748a89f24bb64a4d728d85aaa762f09cd4abb8
bgm/88.mmf,audio,.mmf,2222,e7667e91f5bb2c30321150d9812741e69d7b641769b3c0c0da4cb708d93e5ea8
bgm/89.mmf,audio,.mmf,3083,6e8384919417c2b654dbacd5fa31e9ac52c2b5fd5c8853d8e969e5bb05e1ee45
bgm/8a.mmf,audio,.mmf,1694,6d7c1ed6316976568d350c1a544e9452a6c1eab2ea35b6b3ecd6f807429a1d87
bgm/8b.mmf,audio,.mmf,4519,1e8a5eabaa67e9890a084d65ad4aa31f0ce854c81d4fe4699fc0adcc417e638b
bgm/8c.mmf,audio,.mmf,6035,8d68ae3f5e682eaddb7df2c7935bb28972ab1e290d39fffe3b6569123d918388
bgm/8d_1.mmf,audio,.mmf,2212,a8c4ef0debfa1a35c1b015a74dbc1c84cccc794567f5f7c93cbba6cb585354a4
bgm/8d_2.mmf,audio,.mmf,5281,d72cdb8783c7a67f74d76b58dd83a1ddc402195d48e7646b3d9d0554069bce43
bgm/8e.mmf,audio,.mmf,4291,8ef741438963e46aaec5b6f4705bec367048149067b37bbe8037957edf54673a
bgm/8f.mmf,audio,.mmf,2777,8aeaea843d13a48473b59b3dad30b2d614c66ccc76fad193226e318749ffa4d3
bgm/90.mmf,audio,.mmf,1319,449203ca4b1c75cddee2f69126184a2e5a2a2bbdcede420de05af27a7909d03e
bgm/91.mmf,audio,.mmf,16031,e95a7fc71b727622181f52c1cb322de5805c67d35e64b63ea20e38013a823787
bgm/92.mmf,audio,.mmf,3174,5aaa7fe025cac77372f99ec62b87aca645ecab5c62080cb89c7ade468b1fb95c
bgm/93.mmf,audio,.mmf,718,7717308f93dae7ff44d9eabf14d6f7e346ba6a8de948e0ac12729bb180fb975a
bgm/ad.mmf,audio,.mmf,554,26bc708ec5281ade1400bb4d81134a797bb33eb341657902c3446af2a14f9537
bgm/b2.mmf,audio,.mmf,16216,b948c6564bfbab1384bc66f185cdf86f96cd501030fcc1142e75921581562cb5
bgm/c5.mmf,audio,.mmf,610,0ff5f7d5731d9ef8293403e628eb67a9c43b2ec785d33a32e952943edde90ab0
bgm/SEGA.mmf,audio,.mmf,13356,fd49f550e5ffe7319be7cfece69c128130a087c6fa8aa1d3c2adfebf3003f75d
blkcol.bct,level data,.bct,8192,03dc89667f31fe7691f6a35994bb917b9c0f08b48e23840054c5ca7e70059d82
block.png,graphics,.png,296,01f2d66ed810ad16da947fe6d4aa6312fc26b2afe02bcf7a3aa66e002694b9ad
bobin.png,graphics,.png,665,222c602ecfa2ab9cdb38b2c2d8df8b5869aa0e58a0ccf20fafc7b44b920e4f6a
boss.png,graphics,.png,3049,c270a012a63d6c76cce7054c94b753cd48b4740e744be49e74a87dc795382b97
boss2.png,graphics,.png,1224,f6f05ecb8154b624f9116dc1040147d27998f472d472bbb0f58a9085dcd9252f
boss6.png,graphics,.png,2614,b91340442689d592640c3a465483f50c3b9f31bc8113d01f0a03a82e9dbae980
bossball.png,graphics,.png,438,8752281b5619c17beedf9e596851e2535b6e6764b42b72e5aea6806c58e6f382
bou.png,graphics,.png,215,c0a1c86256e95050c6280ec3d0324c603cb38b1f1005758eb6e23dc1aefe1bc2
break.png,graphics,.png,779,5cf6e906483147fc76f3cbce27a49c628d65fe0e73b9afe7133e0b481120738a
brkabe.png,graphics,.png,127,0dcc38b818b5aba293edd9fda3f57b5737a52e446e6e42e760952c70926a09a5
brkabe_g.png,graphics,.png,217,cf059ae08d0edc4386b1ef1026ead5b4270ed8e42182f3deb461cf3e2ba2ca3a
brobo.png,graphics,.png,489,6e2311cc7f1be2f6e3ad19cca6a24456221724ed8742e0d630b884b607807ea9
bryuka.png,graphics,.png,237,fa7dd9c79f51da34335d21652d1ff9c9441fa5b5a7f2c67e52533756643e40e0
bryuka_sc.png,graphics,.png,224,598e984534de68278e6a60d25e6ebc13063c8d4523ce49a7260b949b3e77b21c
bten.png,graphics,.png,486,b45a826a88bec47a5be08bf6725f49ca1e675eff2c40f0b29ca62cd8c04d4935
buranko.png,graphics,.png,417,03e0316dc59e159c48e2de65570f2ee8b3f201743a40a97bc8bd6f104cdf0055
buranko_.png,graphics,.png,440,c68e22c9bc16f5f6858bfa2cc52765682f66613152bb77d5c2a1c043b6a29a1a
buranko_m.png,graphics,.png,417,079522c667d1a77f317ce59af11529568ea736ac44ddcc7f17d771d4e849a76d
buranko_s.png,graphics,.png,830,f91bada865ce9b589bb047884ea6dea9a0fffda007011e76cccd94d1a45ca8f2
buta.png,graphics,.png,706,c9368a917b6fc44665b0568a0b928497fbf435150baf642b354085c724f07eeb
c.png,graphics,.png,1130,dfd8843fbc3b586d14f0371e3ac401afa75a4ae1e1dedb135626ba37940729a7
continue.png,graphics,.png,1192,539e21538df0d0d1d2c744aa8053e0d36f4f7312bfd2278c05dd7ba4ffaf3624
dai.png,graphics,.png,306,f34bcc91796e82b30e54f6584ee6019e5dcca98ea25f9a2f9860d013389613ff
dai2.png,graphics,.png,185,49c354b82a55eb48d00c11d0d05b4c03548768083d22478cb2b79b1bb9cb2eb4
dai2_.png,graphics,.png,364,4dac5a80d8bc08d52b09c74a802451d7b9d2e9f7805026b88447656f2df26260
dai2_0xE0.png,graphics,.png,364,4dac5a80d8bc08d52b09c74a802451d7b9d2e9f7805026b88447656f2df26260
dai2_0xF0.png,graphics,.png,327,705c43880b731afd0d96425e079d24046833744f0f868f500d57442639f4f891
dai2_3.png,graphics,.png,245,f180d54a90ba5641fdd5d5adbf164cbc26eb2684a098cfbbacfdcffb611955e5
dai3.png,graphics,.png,360,d641f45d3cca5c0d65dd137f2f13e129b03937333478e8924af6dd33f0539e5e
dai3_0x13.png,graphics,.png,317,c494cc1d3f80faedb54d6060b171c466ae5bbb80d4500c56fd37f85c6115aa83
dai3_0x27.png,graphics,.png,373,e86d57079b0f2cd977cda9fd05a725fd351a63278fc12269b85b84fdfc84cd59
dai4.png,graphics,.png,459,cb9cfc734753764492e0f141420d53e5d8ba131f44e56970f78fc1623d73e5e0
dai4_.png,graphics,.png,245,91626a746346f533eb4d3e9e854296cd9e5299dff7b5329837d8556aaeb3a05b
dai4_l.png,graphics,.png,526,a82a579252f48be06be7babc7fe8daaed6274b89d86db335e7d59765ba20c9a9
dai_.png,graphics,.png,250,2e5995423579fdb8b21ace060504e526f634a66594e9d9f0626455039244cafd
dai_la.png,graphics,.png,266,41ef1a372b8909a916d2820da8bdd3f555faedcbb32fe617713b62f7b7cb6570
door.png,graphics,.png,271,425feef3d6274443d52558787246822edec9804df94ea12512de1e4330a34d98
ED3.png,graphics,.png,3573,8509778c926cf31928c18801f51db29b9e6cbc4f83c26ceb6af5d84be74cd9fa
ED_00.png,graphics,.png,623,dca3f2d3234474ad564969b9cbb8255aeca5bb1420731bbc573ce6e8d7ef284b
effect.png,graphics,.png,1002,2afae89d7dc30e637e5990e13ae0bd025aa9b3e10fd8cb694e861618027b73ac
eggman.png,graphics,.png,2238,32201d6b0713c541be3242e6f22c28cbdc1ecee221148b04a89b29e34c03c89b
ele.png,graphics,.png,554,f20554bcbc78e07530dd9e68bf8da6c1b74fba1894f5e5495c9c559d3c25ac8e
elev.png,graphics,.png,370,52a49fce51c3b90e466fd1e4ad73c9ee189192e83de0f48a65134ff04fc243cd
endegg_a.png,graphics,.png,2342,e525833beee7438203e6fee5c5885bbf5f505efbcfea30e89053ddb128869685
endegg_b.png,graphics,.png,4290,d875111870f7e6fceec86a0cff50c993a2fb04812f21ee0071745d1e414a539c
fblock.png,graphics,.png,182,9ad87f4a600ffbc26252085ae7f9911faa88c40325f7f605d723c19ff58d59e6
fire.png,graphics,.png,792,e50f689d8ea7a74f275a188f0823b3673cb691f4d26befe116cead4d788bde86
fire6.png,graphics,.png,574,49cb4f47b6ad23302a7731ec356bc8014111f8850b291f462cd6157022f018fd
fish.png,graphics,.png,640,b5d258a96e7aa0098da46bf4a27333689e4ac6a6d0a2d4828b381b4602d0c8c7
fish2.png,graphics,.png,694,d197f9f3486470f869516ba31577bbb27202f6816c8d048667268edee635594d
fun.png,graphics,.png,645,9081f353b5bc5546c9e141c0ef9eb04ac7e6a7ea44b2beb4cbd6004afcec27c9
gameover.png,graphics,.png,491,a973ce94bc45034a84ff5a23f537971fbc75b01eb4d42347d21a2f25821e012b
gole.png,graphics,.png,1653,d013f321f17fa2ac3f06fc82a1a913aaaef6d1357afdb97160dd313d0ccbd1a4
hachi.png,graphics,.png,1026,1941721034817e9a1bf3de7f5ac2372b1237baa585e3b3a78aa7dd19c3de1f53
hashi.png,graphics,.png,318,70ce7645627ae3f18b1397aec31321a70f146fd5b2a89ff027dde86c57633c1a
imo.png,graphics,.png,433,c7b53f54359b3080b93fb9e6343338ced1e4d76fafde963f90190d039bbde520
item.png,graphics,.png,895,193c9717230127d5819101483c5164c244a923e7c9361106b3807e530e218d8d
jyama.png,graphics,.png,404,7b1281ccafc16ac2d37612373605875b241c7cc546cb98443eea23012175ef3d
kageb.png,graphics,.png,298,5b05f4977b08f8b9bca3db69d67ae82988e898992fd9c87fd4ade016f2fea04d
kamere.png,graphics,.png,1252,def9ba73b7106f208b318b9365062d2e5bfd19d07cf10f970277478ee2f076ff
kani.png,graphics,.png,1353,aa70ddfe18e86a0bf43d47aab6ea9ec4859d8eebb36106fc538f094ef7cb1ea8
kassya.png,graphics,.png,1081,b5c9b841dd3461dccde08da115c456b2f1f315f9a54fd162d63ac023b14186f7
kazari.png,graphics,.png,384,e9be8c151f67cf116a4466d6f5d88ae4dee3621caf246780a4af48e2cd176da2
lang_0.txt,text/localization,.txt,863,b20dbf91cba0b34c2f672c79909b79f93a84eb420502106ab3b72c05cfdc54dc
lang_1.txt,text/localization,.txt,923,9c67dd625177d8ce942ebc91dc0ddf4543c8a26e8e3429e70e4e3bb75b878945
logo.png,graphics,.png,565,b01eebd205c8ffc2003b7298a6ba05877fc4c5941b67a2810a4f550fa41a7a02
logoline.png,graphics,.png,182,56eb24316da461779ab4d9863ae8aecf01c1e6e6c221d4b7124e88a4afd063b5
manual_0.txt,manual/help,.txt,2294,c2a3fdcd947ca97037a46c0af32cbaa4e647f431c75250bbea1fd1bf642c315e
manual_1.txt,manual/help,.txt,2582,86ddb673fded5685c3d4fe7882acf6c8a3b76d81ee6dc7f35f45dd8fa740e4e1
MapLzone1.blt,maps,.blt,440,00c541eba985426bde339e6bb9f846049a45b18d6e405205a2ffca93146f6736
MapLzone2.blt,maps,.blt,200,77a670838ed6a0adf66ce69513545aa0212219964dd7046451332acc756dfae5
MapLzone3.blt,maps,.blt,380,f6c21806950cadf3eb10f70b79c2b584446bb3a75881cb08b482e5bda9da4d6e
MapLzone4.blt,maps,.blt,420,d5467d638032de6b5cf63eb687a8d90576ab20ea8e83628c9f9acdfdd6c4a3d9
MapLzone5.blt,maps,.blt,440,ca0937698ef41ecfde9061c144c55768758d48e01a7f243c696d03b97195a90c
MapLzone6.blt,maps,.blt,600,9b049875e7a675891857cff43e0c9c47395fc3d0e9ce94eab4f158f5744b0476
masin.png,graphics,.png,1214,a70c50d3654bdaf535f7d30472cd0ad065d56f474a00ddfa204a1d6ac224be65
masin_0x01.png,graphics,.png,300,48fc9c2922c3d50f7bdb157627772601d2934bb0039b05b480cbd24705e0ed6d
mawaru.png,graphics,.png,996,e30b744858edc91dcdcd2643d97cefb48cb8a92397bac298052d9f3b510cf35f
META-INF/MANIFEST.MF,metadata,.mf,253,9be678d52c7f65e36f015d106d363d3f718a9d35a02dc4f8ac66543755cc42ec
mfire.png,graphics,.png,260,0f61835d12b4be9cedaa74492f3b4fc894fc6cfe5164780cd280852d64eba804
mizu.png,graphics,.png,7934,e17bbfc1aa8cb3059ee1acd0fc60b76fe60e915afe1d4d15442d0df2815b4fbb
mizu_0x09.png,graphics,.png,1253,227c8f7daf6e33a371de314d2eb7e36c913a5af924f7adbd8be56c72dce5e9ba
mogura.png,graphics,.png,1346,cc9f5679003d9f18cdf8b3de8992512708c9686294a5de07fbb6d589e0183038
musi.png,graphics,.png,922,329131b5249f5ed26dd5c3d0a4efb9c8bfc5c57582ce450bf8e97f89de162d2c
myogan.png,graphics,.png,948,6e669fe8d16b730f643ab3703dcbe542032ea992b05146b835227c640f62fa44
myogan2.png,graphics,.png,1202,e0886e91d2e88d8fd713ab3f8d6b7750be9d86d36014e6eee68cb4ca50418d6a
noko.png,graphics,.png,554,025772a44249446cc96bfbe2750ef24eecf06e33fb22bad534aa8089384ce8af
objawa.png,graphics,.png,673,27ff1e44233a324e9f0156ac7eecd2f64d7c00382f9fc283a5a5d6ef57b73363
ochi.png,graphics,.png,280,b14218769e0caa80d94d5cb223aba34b9d316af6551195aac55dca2df7807014
paka2.png,graphics,.png,171,3e33e5fb2048ec7d95b3a1fb834b4b4989deb073a5ee3b200fb10d7f5014a709
pedal.png,graphics,.png,270,6599062072e4fa67da89068ed96c652e5415172e972c4d1405acb5048b095e34
ring.png,graphics,.png,483,dbe04a6279b408419060d9cce88c528e8bb088a59280ab2207162d2bdf0cad92
save.png,graphics,.png,405,93c592289d3a3b08145eed04493b85e790ccd7eb43ca520fa5160459293cca70
scddirtbl.blt,level data,.blt,512,29d48b4ca65cde2d4049e266f56f3dd76955178678503ea35e7d7e452c515f1f
scdtblwk.scd,level data,.scd,8192,51a2fa09afbfe9fc7e42b62e911ba2471b76fa929d68eca21977883e79ed929f
score.png,graphics,.png,194,e1283e296c1cfa21f2143fee9e438a2e124d9ec71c4d048dc3bb0f67eb39345d
shima.png,graphics,.png,699,06b7ba17125c7fae5230976c324be3d96bcd0afe8c61afe7b9092385f531d44d
shima5.png,graphics,.png,236,4b3ab54a9a997ba48c7c4e724529c9256b11054be7ab7ec3ef872e78321b854e
signal.png,graphics,.png,443,cdf1fcd66f9cbbaf132b6be4a61052b1f175c5439cd8803010874505908e6fc4
sisoo.png,graphics,.png,914,1e5c43a07e3f90587c26ad30b10f0e18f9dc36d9c37693fdc5b29c1908ccaeb8
sjump.png,graphics,.png,319,242422999b1c14d9e0684c6e7cb915bce4e590d6e182b5b0675ae667b4362957
sjump2.png,graphics,.png,319,2bce5f55f456ebda13981a51d4b354269c79be77a8d83d10acf5783d09e55264
sonic.png,graphics,.png,9780,694af77187d5d6cc580d4871ae98d4bfb820901ed3ca17dc46d785af727d87b4
sonic_s.png,graphics,.png,2918,167866dfd2ad37de96d5b66d811fa2f188451ef11850bc1aac5fe2378117709e
SPBLOCK.png,graphics,.png,1835,77601f0949042f609973c55fbc07c723f011fad18a97c86de2d1b36f1cbe4355
SPBLOCK2.png,graphics,.png,1788,1c2fcafd98b40634a2819a0951484ff33773c92b15f22fa645e9f6af934c82b2
step.png,graphics,.png,344,0b628b60ab9dc78d6ad56b37bbaeeb4392c03c7859aba805ca6706bdded84bbe
switch.png,graphics,.png,264,f6278dcb2d9cafe7a8219ce5f3525d87538300aa015ce5534dbebc02e4a13b9d
switch2.png,graphics,.png,250,42e7b6e2b462c5f6e341db3b622f50cca5305e6ee2ceb4103ae7197c4735b570
Systxt.png,graphics,.png,3726,f09fa781b334c52496667caf0bc8b50142b90953f4f27c3c20730a4721ff777e
Systxt2.png,graphics,.png,644,3148dca22b4868248200b93d643c418ac8dba08607de712699cfcdae2af20471
t_cur1.png,graphics,.png,126,9ed4dae7c4b909df5318e4ab28df9be93a2f41d9a67004cc2672274fbd34fb43
t_cur2.png,graphics,.png,126,368407d43c2eda85fe187a44f5f8580fba732f7228b65c1df1bf5b901b2949d2
t_license1.png,graphics,.png,878,57ad41b9f67cc4bfabce79f4c1306a13664c75b6f393413418873222ff37497e
t_license2.png,graphics,.png,789,0f165b19aafea18c4be26ca978d60b888ffea3e164a46ae112e45b5e0914d2f4
t_license3.png,graphics,.png,183,aa58eced265bc4b2f1837a4bd36301347cc8b3c4b35042c24ba75b6242ae5c6f
t_matome.png,graphics,.png,3072,ccdb20f8edd8a2c72f8b249012164433b3c4cc99dc8f748e1857e1594de612b8
t_title.png,graphics,.png,8535,c776dd3ed9de77a38d9d65615497d746a97927c0f8a63e143b744a8a748c85c8
tama.png,graphics,.png,825,b8605371d5f8445926b67ec200a8734b68c770e8de12b2da5792a0901097ac65
tekyu.png,graphics,.png,886,c0599957fe75418cff553f5e793a253c6b86dc7023ea607ca1b49d5204254ade
thashi.png,graphics,.png,516,86b9f0408f4b01141f307310b09b0e7a14b90452a5542c014fa262d4e864b0b5
timeover.png,graphics,.png,422,532e6614b38ca97c9ce62cc78ce7dab50f35c1766b3df66b80bbad913bddffc0
title_bg.png,graphics,.png,4737,09b6e17e837ecfca3463635a28c0b3a1d99f84ce753989df19cff75d6a5f0639
toge.png,graphics,.png,235,7cf4aa54f6e65ced32d684e0d593a135c6ac0be0d54f034bf7a2ab5bf38d730a
turi.png,graphics,.png,332,1ed3e8535339be9037edac7fde5dde45a86ad5177106311a084be8193668866a
turi2.png,graphics,.png,264,e0c58faf3b7366e27e0b49ee5e08e17d2363893e0d65212d942c50472efec696
turi3.png,graphics,.png,194,c2c70b7b4f395db815f1a77be99e041730afac636cca1a47b905c2e0b6d97a9b
uni.png,graphics,.png,545,863bcdd1e2bfd651898a55a3f2eedd034945a741146f202c99cafd28ae760c98
water.png,graphics,.png,109,c3a33f8adb4d161b997a7cec50196f336e4188c4c12d63506c8d98c619efe91d
water2.png,graphics,.png,533,71e19edbcdb2c1b0b712ecb38f1f89bcba74d1f670e61de5ecbff6eabd7c6d07
windou_ring.png,graphics,.png,397,ace01a7a21f7d4039cf50162a9efb5cb7e06cb3b4263958950723e5ac9e8e653
windou_suuji.png,graphics,.png,308,f445ead61e40016471fdc12e147ab62b3beb5642284a7788d314bd8877324020
windou_time.png,graphics,.png,192,d9d6245ebbe25185bc8bdd4104ca0ba1167b4251fbe6515205557aecde800aa4
windou_zanki.png,graphics,.png,636,d0e8da6a21917d93209ebb2211916632157230434bcd7d5c048fc9f4df148ee9
yado.png,graphics,.png,988,ee4dceee53d7e8d13537c135d0b0663a22a87eb97783c42e488f736307c6a6ab
yari.png,graphics,.png,238,7299ae05a6448c93668cb381b6c7eec802190b567d146cefb77ce96be1a3e2b6
yogan2.png,graphics,.png,691,ba84d42cabf5f822bd6a07a6024d0c20a97c80fa4ec5604df652e77d1f1406ca
yogan22.png,graphics,.png,342,7f18cab8249ad60e0a6c1002d37d3428e4d49a8c97fcb7a6f5dfcc8b5f63115d
yoganc.png,graphics,.png,2076,9b04466f7522896b10e44dd2d1b0a09d3a06d9728ce64dc846ade1100124fc03
yuka.png,graphics,.png,1946,ac3bc22323864be2a6701536379a95c29c462cb6ce1acd1506b2180af13d3c96
yukae.png,graphics,.png,297,a99124d41bb50dad6022489c9a5a06d31f09b8d09888f3a852ab72bba68c5589
yukai.png,graphics,.png,343,8f9ba27a1d2235335fe1b6f215213fb653267b989c587f98b2a799def074a16e
z_ben.png,graphics,.png,352,3ba888b05f8e2187b86032059390558e33962045341d34bcaa89f67a13d8b656
z_dai2_0xE0.png,graphics,.png,364,bf208f233ea4d5c539c111408448db87785a7bfea34799630d2f9896885283a9
z_dai2_0xF0.png,graphics,.png,312,c530a4c2d37d68357b28066d15179751f1e260f7d1a60cf48e0a1cc997b17062
z_dai3.png,graphics,.png,360,8c9baa9b649c64bd99c6798df113122778c6b25654f212f32f853bc472448497
z_dai3_0x13.png,graphics,.png,317,2463ab0d9724fcb615b4c7fd2f074ad8c05bf42739ac2619227a4aba50e0e22c
z_dai3_0x27.png,graphics,.png,373,b814bd197e956ae990d98158f93d8d24688ac1ec881184bcbd626a325d761572
z_dai4_l.png,graphics,.png,527,53960b2b5e03663f3664a6200872c3349387cf2766a3970e504e4e86096f3427
z_dai_la.png,graphics,.png,266,3e142f81219d0db7ab16cb76a503ce339bc7b373316619892e65dd21eb5b4479
z_kazari.png,graphics,.png,384,b778f2335758543cdbaf0109397490eb9d79f4eccca0f0714dad9090b5f6158d
z_mizu.png,graphics,.png,6507,6db0bfdd098260057bab2b9ab15c4e1913f6b07c47c827bbd45791437e9c260d
z_zone2.png,graphics,.png,5338,c07377d7469afe1be5b349411c5966556d7aca55fe03f43860543b3246f10aea
zone1.blt,maps,.blt,410,44bb9a55593a0d283235a20b076636c676c8c2d9d56d032d81dab8d3becc7d44
zone1.bmd,maps,.bmd,43072,5f5a6948ce5ebeca0a8cc1564375fc6632a23d7cf3287a72745f790405a750f0
zone1.png,graphics,.png,15062,0c724f5709deee613bfc02142d71d38ff152cd2b3ead355e9860462ea4561bd2
ZONE1ACT.act,level data,.act,5223,abbef1299b7cef3d4e2899ffe3998d70ad90b045542b98393c57a46aae861da4
zone2.blt,maps,.blt,200,95bcab4722cac3571fa0b6cdfd5655444278e514729ea0b1f88a42182d082802
zone2.bmd,maps,.bmd,43072,eda2293ec5efcdd5f14c1a47b9d5e284641e488753cf228ccfec890595f50b6e
zone2.png,graphics,.png,5334,92e3d8014a9cfa9827b18a0d98233458406f4ac9b3e6ccee8ea5b974182650ff
ZONE2ACT.act,level data,.act,5349,19bea82b34dd2f317aacc561e6fcb5545687abaf61820adcd162ee3582f2e681
zone3.blt,maps,.blt,400,252ad497f530910181067cadcaf926729f4ff0592cbc1ff0b6a2f4a015d05458
zone3.bmd,maps,.bmd,43008,d729f7c6670366165c9dd1c8a61c81a23eacd9705fddb5f6910ac3f621b254b5
zone3.png,graphics,.png,12403,9c37b6788a4f5240171d1d4c52e9742f46433a2ba106d29efe60b5ce05b08e7a
ZONE3ACT.act,level data,.act,4089,30b2866eae1863ee2a0a30e18fd9afb289c8d39d009e1906825cd0bccdfde565
zone4.blt,maps,.blt,500,4108ff9447b758386d62a90e750278f4e57d56e6d0ee08aa3ea23683cbf5e4a6
zone4.bmd,maps,.bmd,43072,526adb247941bcee21ea001c205993476e33bcadcf270b8f37d96df38adaafc5
zone4.png,graphics,.png,12730,02c657b5466a055534b558068445d5249610a4aa985d2e4f79ef9145bd419e6a
ZONE4ACT.act,level data,.act,4649,765516639233e3ea16b4d98a177624b268bad1334cc40fbcdb76a2d0e196f430
zone5.blt,maps,.blt,500,273e921229fbd38dac7712bd2004cad3263d77dd0d9181d37b44d35c283126cd
zone5.bmd,maps,.bmd,43072,57d15662de0d0211d32ebddd8f46a3116cad9cba113767f3948ae537b717ba4e
zone5.png,graphics,.png,14347,a97756cf4ef0199b3c50abcadaafb16069250e4b2b622358bf28c85cb8880b87
ZONE5ACT.act,level data,.act,4817,55ba09f839465fa7a05c6fdafdd31dbff4712af66433d03b1c09558aaa0870b4
zone6.blt,maps,.blt,600,caf93616f98ea1ca6967dc0b73e86cba4a0c2ddcf175e143e7fbc583272b8901
zone6.bmd,maps,.bmd,43072,e2e5bf823ccb5d1055f681058595038808c521c5e1d4717ccdf48f3d860fe49d
zone6.png,graphics,.png,16353,ce4884a01a515ddf094a64c4274cebb9419a904025f21b4c1fe1c8f777464630
ZONE6ACT.act,level data,.act,4243,890624135fd431de5fad631d7cd04ca7729651df19c1761a539da7be1dbd44f6
